Workbook

Sheet INVENTARIO_CASOS_USO
A1: Módulo | B1: ID Caso Uso | C1: Nombre Caso Uso | D1: Actor Principal | E1: Complejidad | F1: Nº Transacciones | G1: Puntos
A2: F01 | B2: UC-01 | C2: Iniciar sesión | D2: Usuario | E2: Simple | F2: 3 | G2: =IF(E2="Simple",5,IF(E2="Medio",10,IF(E2="Complejo",15,0))) -> 5
A3: F01 | B3: UC-02 | C3: Registrar usuario | D3: Usuario | E3: Medio | F3: 5 | G3: =IF(E3="Simple",5,IF(E3="Medio",10,IF(E3="Complejo",15,0))) -> 10
A4: F01 | B4: UC-03 | C4: Gestionar roles | D4: Administrador | E4: Complejo | F4: 8 | G4: =IF(E4="Simple",5,IF(E4="Medio",10,IF(E4="Complejo",15,0))) -> 15
A5: F01 | B5: UC-04 | C5: Recuperar contraseña | D5: Usuario | E5: Medio | F5: 4 | G5: =IF(E5="Simple",5,IF(E5="Medio",10,IF(E5="Complejo",15,0))) -> 10
A6: F01 | B6: UC-05 | C6: Cerrar sesión | D6: Usuario | E6: Simple | F6: 2 | G6: =IF(E6="Simple",5,IF(E6="Medio",10,IF(E6="Complejo",15,0))) -> 5
A7: F01 | B7: UC-06 | C7: Editar perfil | D7: Usuario | E7: Medio | F7: 5 | G7: =IF(E7="Simple",5,IF(E7="Medio",10,IF(E7="Complejo",15,0))) -> 10
A8: F02 | B8: UC-07 | C8: Crear proyecto | D8: Usuario | E8: Medio | F8: 6 | G8: =IF(E8="Simple",5,IF(E8="Medio",10,IF(E8="Complejo",15,0))) -> 10
A9: F02 | B9: UC-08 | C9: Editar proyecto | D9: Usuario | E9: Simple | F9: 4 | G9: =IF(E9="Simple",5,IF(E9="Medio",10,IF(E9="Complejo",15,0))) -> 5
A10: F02 | B10: UC-09 | C10: Eliminar proyecto | D10: Usuario | E10: Simple | F10: 3 | G10: =IF(E10="Simple",5,IF(E10="Medio",10,IF(E10="Complejo",15,0))) -> 5
A11: F02 | B11: UC-10 | C11: Consultar proyectos | D11: Usuario | E11: Simple | F11: 3 | G11: =IF(E11="Simple",5,IF(E11="Medio",10,IF(E11="Complejo",15,0))) -> 5
A12: F02 | B12: UC-11 | C12: Crear KPI | D12: Usuario | E12: Complejo | F12: 9 | G12: =IF(E12="Simple",5,IF(E12="Medio",10,IF(E12="Complejo",15,0))) -> 15
A13: F02 | B13: UC-12 | C13: Editar KPI | D13: Usuario | E13: Medio | F13: 7 | G13: =IF(E13="Simple",5,IF(E13="Medio",10,IF(E13="Complejo",15,0))) -> 10
... A59: F12 | B59: UC-58 | C59: Configurar niveles auditoría | D59: Admin | E59: Medio | F59: 6 | G59: =IF(E59="Simple",5,IF(E59="Medio",10,IF(E59="Complejo",15,0))) -> 10

Sheet RESUMEN_MODULOS
A1: Módulo | B1: Total Puntos No Ajustados | C1: Descripción
A2: F01 | B2: =SUMIF(INVENTARIO_CASOS_USO!A:A,A2,INVENTARIO_CASOS_USO!G:G) -> 55 | C2: Autenticación y Usuarios
A3: F02 | B3: =SUMIF(INVENTARIO_CASOS_USO!A:A,A3,INVENTARIO_CASOS_USO!G:G) -> 90 | C3: Proyectos y KPIs
A4: F03 | B4: =SUMIF(INVENTARIO_CASOS_USO!A:A,A4,INVENTARIO_CASOS_USO!G:G) -> 75 | C4: Proyectos y KPIs
A5: F04 | B5: =SUMIF(INVENTARIO_CASOS_USO!A:A,A5,INVENTARIO_CASOS_USO!G:G) -> 40 | C5: Registro de Datos
A6: F05 | B6: =SUMIF(INVENTARIO_CASOS_USO!A:A,A6,INVENTARIO_CASOS_USO!G:G) -> 20 | C6: Registro de Datos
A7: F06 | B7: =SUMIF(INVENTARIO_CASOS_USO!A:A,A7,INVENTARIO_CASOS_USO!G:G) -> 30 | C7: Dashboard y Visualización
A8: F07 | B8: =SUMIF(INVENTARIO_CASOS_USO!A:A,A8,INVENTARIO_CASOS_USO!G:G) -> 35 | C8: Dashboard y Visualización
A9: F08 | B9: =SUMIF(INVENTARIO_CASOS_USO!A:A,A9,INVENTARIO_CASOS_USO!G:G) -> 65 | C9: Reportes y Exportación
A10: F09 | B10: =SUMIF(INVENTARIO_CASOS_USO!A:A,A10,INVENTARIO_CASOS_USO!G:G) -> 50 | C10: Alertas y Notificaciones
A11: F10 | B11: =SUMIF(INVENTARIO_CASOS_USO!A:A,A11,INVENTARIO_CASOS_USO!G:G) -> 65 | C11: Configuración del Sistema
A12: F11 | B12: =SUMIF(INVENTARIO_CASOS_USO!A:A,A12,INVENTARIO_CASOS_USO!G:G) -> 35 | C12: Auditoría y Trazabilidad
A13: F12 | B13: =SUMIF(INVENTARIO_CASOS_USO!A:A,A13,INVENTARIO_CASOS_USO!G:G) -> 35 | C13: Auditoría y Trazabilidad

Sheet FACTORES_AJUSTE
A1: FACTOR TÉCNICO | B1: Peso | C1: Valor (0-5) | D1: Peso × Valor | F1: FACTOR AMBIENTAL | G1: Peso | H1: Valor (0-5) | I1: Peso × Valor
A2: Sistema distribuido | B2: 2 | C2: 3 | D2: =B2*C2 -> 6 | F2: Familiaridad con el modelo | G2: 1.5 | H2: 3 | I2: =G2*H2 -> 4.5
A3: Objetivos de rendimiento | B3: 1 | C3: 4 | D3: =B3*C3 -> 4 | F3: Experiencia en la aplicación | G3: 0.5 | H3: 2 | I3: =G3*H3 -> 1
A4: Eficiencia del usuario final | B4: 1 | C4: 3 | D4: =B4*C4 -> 3 | F4: Experiencia en OO | G4: 1 | H4: 3 | I4: =G4*H4 -> 3
A5: Procesamiento complejo | B5: 1 | C5: 2 | D5: =B5*C5 -> 2 | F5: Capacidad del analista líder | G5: 0.5 | H5: 4 | I5: =G5*H5 -> 2
A6: Código reutilizable | B6: 1 | C6: 3 | D6: =B6*C6 -> 3 | F6: Motivación | G6: 1 | H6: 4 | I6: =G6*H6 -> 4
A7: Facilidad de instalación | B7: 0.5 | C7: 2 | D7: =B7*C7 -> 1 | F7: Estabilidad requerimientos | G7: 2 | H7: 3 | I7: =G7*H7 -> 6
A8: Facilidad de uso | B8: 0.5 | C8: 4 | D8: =B8*C8 -> 2 | F8: Personal part-time | G8: -1 | H8: 1 | I8: =G8*H8 -> -1
A9: Portabilidad | B9: 2 | C9: 1 | D9: =B9*C9 -> 2 | F9: Dificultad lenguaje | G9: -1 | H9: 2 | I9: =G9*H9 -> -2
A10: Facilidad de cambio | B10: 1 | C10: 4 | D10: =B10*C10 -> 4 | F10: TOTAL EF | I10: =SUM(I2:I9) -> 17.5
A11: Concurrencia | B11: 1 | C11: 2 | D11: =B11*C11 -> 2 | F11: EF | I11: =1.4+(-0.03*I10) -> 0.875
A12: Características de seguridad | B12: 1 | C12: 5 | D12: =B12*C12 -> 5
A13: Acceso a terceros | B13: 1 | C13: 1 | D13: =B13*C13 -> 1
A14: Facilidad de entrenamiento | B14: 1 | C14: 2 | D14: =B14*C14 -> 2
A15: TOTAL TF | D15: =SUM(D1:D14) -> 37
A16: TCF | D16: =0.6+(0.01*D15) -> 0.97

Sheet ESTIMACION_FINAL
A1: Módulo | B1: Puntos No Ajustados | C1: TCF | D1: EF | E1: Puntos Ajustados | F1: Horas x Punto | G1: Esfuerzo (Horas) | H1: Esfuerzo (PM) | I1: Costo por PM | J1: Costo total estimado
A2: F01 | B2: =RESUMEN_MODULOS!B2 -> 55 | C2: =FACTORES_AJUSTE!$D$16 -> 0.97 | D2: =FACTORES_AJUSTE!$I$11 -> 0.875 | E2: =B2*C2*D2 -> 46.68125 | F2: 20 | G2: =E2*F2 -> 933.625 | H2: =G2/160 -> 5.8351562 | I2: 6000000 | J2: =I2*H2 -> 35010938
A3: F02 | B3: =RESUMEN_MODULOS!B3 -> 90 | C3: =FACTORES_AJUSTE!$D$16 -> 0.97 | D3: =FACTORES_AJUSTE!$I$11 -> 0.875 | E3: =B3*C3*D3 -> 76.3875 | F3: 20 | G3: =E3*F3 -> 1527.75 | H3: =G3/160 -> 9.5484375 | I3: 6000000 | J3: =I3*H3 -> 57290625
A4: F03 | B4: =RESUMEN_MODULOS!B4 -> 75 | C4: =FACTORES_AJUSTE!$D$16 -> 0.97 | D4: =FACTORES_AJUSTE!$I$11 -> 0.875 | E4: =B4*C4*D4 -> 63.65625 | F4: 20 | G4: =E4*F4 -> 1273.125 | H4: =G4/160 -> 7.9570312 | I4: 6000000 | J4: =I4*H4 -> 47742187
A5: F04 | B5: =RESUMEN_MODULOS!B5 -> 40 | C5: =FACTORES_AJUSTE!$D$16 -> 0.97 | D5: =FACTORES_AJUSTE!$I$11 -> 0.875 | E5: =B5*C5*D5 -> 33.95 | F5: 20 | G5: =E5*F5 -> 679 | H5: =G5/160 -> 4.24375 | I5: 6000000 | J5: =I5*H5 -> 25462500
A6: F05 | B6: =RESUMEN_MODULOS!B6 -> 20 | C6: =FACTORES_AJUSTE!$D$16 -> 0.97 | D6: =FACTORES_AJUSTE!$I$11 -> 0.875 | E6: =B6*C6*D6 -> 16.975 | F6: 20 | G6: =E6*F6 -> 339.5 | H6: =G6/160 -> 2.121875 | I6: 6000000 | J6: =I6*H6 -> 12731250
A7: F06 | B7: =RESUMEN_MODULOS!B7 -> 30 | C7: =FACTORES_AJUSTE!$D$16 -> 0.97 | D7: =FACTORES_AJUSTE!$I$11 -> 0.875 | E7: =B7*C7*D7 -> 25.4625 | F7: 20 | G7: =E7*F7 -> 509.25 | H7: =G7/160 -> 3.1828125 | I7: 6000000 | J7: =I7*H7 -> 19096875
A8: F07 | B8: =RESUMEN_MODULOS!B8 -> 35 | C8: =FACTORES_AJUSTE!$D$16 -> 0.97 | D8: =FACTORES_AJUSTE!$I$11 -> 0.875 | E8: =B8*C8*D8 -> 29.70625 | F8: 20 | G8: =E8*F8 -> 594.125 | H8: =G8/160 -> 3.7132812 | I8: 6000000 | J8: =I8*H8 -> 22279687
A9: F08 | B9: =RESUMEN_MODULOS!B9 -> 65 | C9: =FACTORES_AJUSTE!$D$16 -> 0.97 | D9: =FACTORES_AJUSTE!$I$11 -> 0.875 | E9: =B9*C9*D9 -> 55.16875 | F9: 20 | G9: =E9*F9 -> 1103.375 | H9: =G9/160 -> 6.8960937 | I9: 6000000 | J9: =I9*H9 -> 41376562
A10: F09 | B10: =RESUMEN_MODULOS!B10 -> 50 | C10: =FACTORES_AJUSTE!$D$16 -> 0.97 | D10: =FACTORES_AJUSTE!$I$11 -> 0.875 | E10: =B10*C10*D10 -> 42.4375 | F10: 20 | G10: =E10*F10 -> 848.75 | H10: =G10/160 -> 5.3046875 | I10: 6000000 | J10: =I10*H10 -> 31828125
A11: F10 | B11: =RESUMEN_MODULOS!B11 -> 65 | C11: =FACTORES_AJUSTE!$D$16 -> 0.97 | D11: =FACTORES_AJUSTE!$I$11 -> 0.875 | E11: =B11*C11*D11 -> 55.16875 | F11: 20 | G11: =E11*F11 -> 1103.375 | H11: =G11/160 -> 6.8960937 | I11: 6000000 | J11: =I11*H11 -> 41376562
A12: F11 | B12: =RESUMEN_MODULOS!B12 -> 35 | C12: =FACTORES_AJUSTE!$D$16 -> 0.97 | D12: =FACTORES_AJUSTE!$I$11 -> 0.875 | E12: =B12*C12*D12 -> 29.70625 | F12: 21 | G12: =E12*F12 -> 623.83125 | H12: =G12/160 -> 3.8989453 | I12: 6000000 | J12: =I12*H12 -> 23393672
A13: F12 | B13: =RESUMEN_MODULOS!B13 -> 35 | C13: =FACTORES_AJUSTE!$D$16 -> 0.97 | D13: =FACTORES_AJUSTE!$I$11 -> 0.875 | E13: =B13*C13*D13 -> 29.70625 | F13: 22 | G13: =E13*F13 -> 653.5375 | H13: =G13/160 -> 4.0846094 | I13: 6000000 | J13: =I13*H13 -> 24507656
J14: =SUM(J2:J13) -> 3.8209664e+08
